Workbook

Sheet Tổng quan
A1: BỘ CÂU HỎI MẪU – CHATBOT TUYỂN SINH EAUT
A2: Sinh từ tài liệu của Trường Đại học Công nghệ Đông Á bằng gen_data.py; cùng nội dung với file seed.jsonl dùng để nhập vào chatbot.
A4: Danh mục | B4: Số câu hỏi | C4: Tỉ lệ
A5: Hồ sơ nhập học | B5: =COUNTIF('Bộ câu hỏi'!$B$2:$B$20001,A5) -> 158 | C5: =B5/$B$18 -> 0.0079
A6: Học phí & lệ phí | B6: =COUNTIF('Bộ câu hỏi'!$B$2:$B$20001,A6) -> 3168 | C6: =B6/$B$18 -> 0.1584
A7: Lãnh đạo | B7: =COUNTIF('Bộ câu hỏi'!$B$2:$B$20001,A7) -> 2047 | C7: =B7/$B$18 -> 0.10235
A8: Tổ hợp xét tuyển | B8: =COUNTIF('Bộ câu hỏi'!$B$2:$B$20001,A8) -> 2336 | C8: =B8/$B$18 -> 0.1168
A9: Ngành đào tạo | B9: =COUNTIF('Bộ câu hỏi'!$B$2:$B$20001,A9) -> 8112 | C9: =B9/$B$18 -> 0.4056
A10: Quy chế tuyển sinh | B10: =COUNTIF('Bộ câu hỏi'!$B$2:$B$20001,A10) -> 1769 | C10: =B10/$B$18 -> 0.08845
A11: Sứ mệnh – Tầm nhìn | B11: =COUNTIF('Bộ câu hỏi'!$B$2:$B$20001,A11) -> 218 | C11: =B11/$B$18 -> 0.0109
A12: Sau đại học (2023) | B12: =COUNTIF('Bộ câu hỏi'!$B$2:$B$20001,A12) -> 512 | C12: =B12/$B$18 -> 0.0256
A13: Giới thiệu | B13: =COUNTIF('Bộ câu hỏi'!$B$2:$B$20001,A13) -> 535 | C13: =B13/$B$18 -> 0.02675
A14: Chào hỏi | B14: =COUNTIF('Bộ câu hỏi'!$B$2:$B$20001,A14) -> 306 | C14: =B14/$B$18 -> 0.0153
A15: Tuyển sinh 2026 | B15: =COUNTIF('Bộ câu hỏi'!$B$2:$B$20001,A15) -> 411 | C15: =B15/$B$18 -> 0.02055
A16: Định hướng phát triển | B16: =COUNTIF('Bộ câu hỏi'!$B$2:$B$20001,A16) -> 257 | C16: =B16/$B$18 -> 0.01285
A17: Liên hệ | B17: =COUNTIF('Bộ câu hỏi'!$B$2:$B$20001,A17) -> 171 | C17: =B17/$B$18 -> 0.00855
A18: Tổng cộng | B18: =SUM(B5:B17) -> 20000 | C18: =SUM(C5:C17) -> 1
A19: Kiểm tra: số dòng dữ liệu trong sheet 'Bộ câu hỏi' | B19: =COUNTA('Bộ câu hỏi'!$C$2:$C$20001) -> 20000
A21: Ghi chú:
A22: • 20.000 câu hỏi là các cách diễn đạt khác nhau (có dấu và không dấu) của 318 thông tin/câu trả lời thật; không bịa thêm thông tin.
A23: • Học phí chỉ có theo khối ngành; mã ngành của chuyên ngành lấy theo ngành mẹ; thông tin thạc sĩ là của năm 2023 – cần xác nhận lại trước khi dùng chính thức.
A24: • Dùng bộ lọc (mũi tên ở hàng tiêu đề) trong sheet 'Bộ câu hỏi' để lọc theo danh mục hoặc tìm từ khóa.
A25: • Để nhập vào chatbot hãy dùng seed.jsonl với import_seed.py (file Excel này để xem, rà soát và làm bộ câu hỏi kiểm thử).

Sheet Bộ câu hỏi
A1: STT | B1: Danh mục | C1: Câu hỏi | D1: Câu trả lời
A2: 1 | B2: Hồ sơ nhập học | C2: Ad oi, anh ho so co nao nhi? | D2: Cần 02 ảnh 4×6, ghi rõ họ tên, ngày tháng năm sinh ở mặt sau ảnh.
A3: 2 | B3: Hồ sơ nhập học | C3: Ad oi, nop anh bao nhieu cai nhe? | D3: Cần 02 ảnh 4×6, ghi rõ họ tên, ngày tháng năm sinh ở mặt sau ảnh.
A4: 3 | B4: Hồ sơ nhập học | C4: Ad oi, nop anh bao nhieu cai nhi? | D4: Cần 02 ảnh 4×6, ghi rõ họ tên, ngày tháng năm sinh ở mặt sau ảnh.
A5: 4 | B5: Hồ sơ nhập học | C5: Ad ơi, nộp ảnh bao nhiêu cái nhé? | D5: Cần 02 ảnh 4×6, ghi rõ họ tên, ngày tháng năm sinh ở mặt sau ảnh.
A6: 5 | B6: Hồ sơ nhập học | C6: Ad ơi, nộp ảnh bao nhiêu cái nhỉ? | D6: Cần 02 ảnh 4×6, ghi rõ họ tên, ngày tháng năm sinh ở mặt sau ảnh.
A7: 6 | B7: Hồ sơ nhập học | C7: Ad ơi, ảnh hồ sơ cỡ nào nhỉ? | D7: Cần 02 ảnh 4×6, ghi rõ họ tên, ngày tháng năm sinh ở mặt sau ảnh.
A8: 7 | B8: Hồ sơ nhập học | C8: Anh ho so co nao? | D8: Cần 02 ảnh 4×6, ghi rõ họ tên, ngày tháng năm sinh ở mặt sau ảnh.
A9: 8 | B9: Hồ sơ nhập học | C9: Anh/chi oi, nop anh bao nhieu cai vay? | D9: Cần 02 ảnh 4×6, ghi rõ họ tên, ngày tháng năm sinh ở mặt sau ảnh.
A10: 9 | B10: Hồ sơ nhập học | C10: Anh/chị ơi, nộp ảnh bao nhiêu cái vậy? | D10: Cần 02 ảnh 4×6, ghi rõ họ tên, ngày tháng năm sinh ở mặt sau ảnh.
A11: 10 | B11: Hồ sơ nhập học | C11: Chao ban, anh ho so co nao nhe? | D11: Cần 02 ảnh 4×6, ghi rõ họ tên, ngày tháng năm sinh ở mặt sau ảnh.
A12: 11 | B12: Hồ sơ nhập học | C12: Chao ban, nop anh bao nhieu cai nhe? | D12: Cần 02 ảnh 4×6, ghi rõ họ tên, ngày tháng năm sinh ở mặt sau ảnh.
A13: 12 | B13: Hồ sơ nhập học | C13: Cho minh hoi: nop anh bao nhieu cai a? | D13: Cần 02 ảnh 4×6, ghi rõ họ tên, ngày tháng năm sinh ở mặt sau ảnh.
... A20001: 20000 | B20001: Liên hệ | C20001: Đường dây nóng tuyển sinh? | D20001: Đường dây nóng/hotline tuyển sinh: 0243.555.2008.
